{
  "terrykingcha": 0.05114401076716016,
  "Jinjiang": 0.09286675639300135,
  "zshshr": 0.05518169582772544,
  "YorkShen": 0.04845222072678331,
  "MrRaindrop": 0.09152086137281291,
  "sospartan": 0.11036339165545088,
  "luics": 0.02288021534320323,
  "lvscar": 0.07267833109017496,
  "xkli": 0.06729475100942127,
  "acton393": 0.0901749663526245,
  "ouyanghua": 0.0013458950201884253,
  "songsiqi": 0.010767160161507403,
  "cxfeng1": 0.08748317631224764,
  "boboning": 0.047106325706594884,
  "IskenHuang": 0.0026917900403768506,
  "gurisxie": 0.008075370121130552,
  "yangshengtao": 0.004037685060565276,
  "miomin": 0.004037685060565276,
  "alext1981": 0.018842530282637954,
  "kfeagle": 0.009421265141318977,
  "Darin726": 0.0013458950201884253,
  "DoranYun": 0.012113055181695828,
  "Hanks10100": 0.026917900403768506,
  "littleseven": 0.006729475100942127,
  "vczero": 0.0026917900403768506,
  "misakuo": 0.021534320323014805,
  "lycool": 0.0013458950201884253,
  "namedlock": 0.006729475100942127,
  "zhangquan": 0.005383580080753701,
  "Rowandjj": 0.0013458950201884253,
  "fkysly": 0.009421265141318977,
  "bluebird78999": 0.008075370121130552
}
