{
  "bug": 0.1026694045174538,
  "js runtime": 0.0513347022587269,
  "android": 0.20123203285420946,
  "html5": 0.06981519507186858,
  "enhancement": 0.17659137577002054,
  "doc": 0.012320328542094456,
  "help wanted": 0.16632443531827515,
  "ios": 0.08624229979466119,
  "on hold": 0.008213552361396304,
  "contribution welcome": 0.024640657084188913,
  "new feature": 0.018480492813141684,
  "working in progress": 0.002053388090349076,
  "<list>": 0.01026694045174538,
  "tools": 0.012320328542094456,
  "legacy framework": 0.004106776180698152,
  "need repro": 0.026694045174537988,
  "proposal": 0.014373716632443531,
  "<slider>": 0.002053388090349076,
  "<scroller>": 0.006160164271047228,
  "layout": 0.002053388090349076,
  "css": 0.002053388090349076
}
