{
  "bug": {
    "can": 0.04065040650406504,
    "to": 0.04065040650406504,
    "component": 0.04878048780487805,
    "in": 0.04065040650406504,
    "the": 0.07317073170731707,
    "event": 0.04065040650406504,
    "is": 0.056910569105691054,
    "element": 0.04065040650406504,
    "foo": 0.04065040650406504,
    "template": 0.04878048780487805,
    "container": 0.04878048780487805,
    "bar": 0.04065040650406504,
    "clicked": 0.04878048780487805,
    "this": 0.04065040650406504
  },
  "js runtime": {
    "can": 0.04065040650406504,
    "component": 0.04065040650406504,
    "the": 0.04065040650406504,
    "foo": 0.04065040650406504,
    "template": 0.04878048780487805,
    "container": 0.04878048780487805,
    "bar": 0.04065040650406504,
    "clicked": 0.04878048780487805
  },
  "android": {},
  "html5": {},
  "enhancement": {}
}
