{
  "can": 0.07246376811594203,
  "to": 0.11594202898550725,
  "in": 0.07246376811594203,
  "it": 0.08695652173913043,
  "the": 0.07246376811594203,
  "is": 0.08695652173913043,
  "foo": 0.07246376811594203,
  "template": 0.08695652173913043,
  "container": 0.08695652173913043,
  "bar": 0.07246376811594203,
  "clicked": 0.08695652173913043,
  "new": 0.08695652173913043
}
